Formation;Module;Type;Référence;Point à arbitrer;Statut (à remplir)
"Attestation de capacité professionnelle — véhicules ≤ 3,5 t";"Module E — Salariés et droit social";"QR";"manual:8deda724-c513-4b48-a24e-098c39d8bcb2";"Le corrigé ne répond pas à l'énoncé : celui-ci porte sur les modes de rupture du contrat, le corrigé traite de la médecine et de l'inspection du travail. Réécriture intégrale nécessaire, hors format de remplacement ciblé. Le barème est aligné sur l'énoncé et ses références sont exactes (rétractation 15 jours calendaires L. 1237-13, homologation DREETS L. 1237-14, L. 1232-2, L. 1234-19).";""
"Attestation de capacité professionnelle — véhicules ≤ 3,5 t";"Hors module";"QCM";"mft-2026:moduleC:qcm:30";"Question obsolète : depuis le 1er mai 2017, le contrat type général est fixé par le décret n° 2017-461 du 31 mars 2017, annexé à l'art. D. 3222-1 du code des transports (vérifié sur Légifrance) ; le décret 99-269 de 1999 n'est plus le texte en vigueur. Aucune option ne propose 2017-461 : la clé b n'est défendable qu'historiquement. À réécrire : remplacer 99-269 par « décret 2017-461 du 31 mars 2017 » dans les choix et l'explication.";""
"Attestation de capacité professionnelle — véhicules ≤ 3,5 t";"Hors module";"QCM";"mft-2026:moduleC:qcm:4";"Le « CRSR » n'existe pas en droit positif. L'organe réel est la commission territoriale des sanctions administratives (CTSA, ex-CRSA) : placée auprès du préfet de région mais présidée par une personnalité nommée par lui (art. R3452-2 code des transports), avis consultatif avant sanction (R3452-12). La clé b reste la plus proche mais son libellé « présidée par le préfet » est inexact : reformuler question et choix (CTSA, placée auprès du préfet).";""
"Attestation de capacité professionnelle — véhicules ≤ 3,5 t";"Hors module";"QCM";"mft-2026:moduleC:qcm:45";"Clé fondée sur l'ancien contrat type (décret 99-269, 23 euros/kg), abrogé depuis le 1er mai 2017. Le contrat type général en vigueur (décret 2017-461, art. 22) prévoit pour les envois de moins de 3 t : 33 euros/kg dans la limite de 1 000 euros par colis (20 euros/kg et 3 200 euros/t au-delà de 3 t). Pour 50 kg : 1 650 euros, ramenés à 1 000 euros si colis unique. Aucun des 4 choix n'est exact : question et options à réécrire, pas de bonne_id désignable.";""
"Attestation de capacité professionnelle — véhicules ≤ 3,5 t";"Hors module";"QCM";"mft-2026:moduleC:qcm:6";"Aucun accord du 8 février 2008 sur le temps de travail dans le TRM n'est trouvable sur Légifrance ni dans la liste officielle des accords sociaux étendus du TRM (annexe G, SDES). Textes proches réels : ANI du 11 janvier 2008 (modernisation du marché du travail) et accord du 18 février 2008 (rémunérations CCNTR). La prémisse de l'énoncé est invérifiable : vérifier la référence du livret avant de valider la clé b ou réécrire la question.";""
"Attestation de capacité professionnelle — véhicules ≤ 3,5 t";"Hors module";"QCM";"mft-2026:moduleC:qcm:8";"Aucune source officielle n'atteste l'acronyme « BOTRA » : la seule occurrence trouvée est une société privée (SIREN 391 674 975, annuaire-entreprises.data.gouv.fr). La publication réelle est le Bulletin officiel du ministère chargé des transports (BO). La clé b est la seule cohérente avec l'intention pédagogique, mais la question enseigne un sigle invérifiable : à faire valider par le formateur ou à reformuler (« Le Bulletin officiel des transports (BO) est : »).";""
"Attestation de capacité professionnelle — véhicules ≤ 3,5 t";"Module D — Activité financière";"QR";"mft-2026:moduleD:qr10";"Point éditorial : le bilan simplifié 2025 de MG TRANS annoncé en annexe est absent de l'énoncé stocké, ce qui empêche tout chiffrage du FRNG, du BFR et de la TN. Les définitions et formules du corrigé (FRNG = ressources stables moins actif immobilisé ; BFR = actif circulant d'exploitation moins dettes d'exploitation ; TN = FRNG moins BFR = trésorerie active moins passive) sont les définitions standard et n'appellent pas de correction ; il faut fournir l'annexe ou réécrire l'énoncé.";""
"Attestation de capacité professionnelle — véhicules ≤ 3,5 t";"Module D — Activité financière";"QR";"mft-2026:moduleD:qr11";"Choix pédagogique, pas de norme opposable : la convention brut = net / (1 - 0,21) découle directement des données de l'énoncé (charges salariales 21 %) et donne bien 2 177,22 EUR/mois ; l'ordre de grandeur est réaliste (part salariale réelle d'environ 21 à 23 % du brut). Le classement de l'assurance marchandises et des frais de déplacement en charges fixes est une convention de correction sans effet sur le coût de revient total de 54 842,88 EUR ; seule la grille du formateur peut trancher la ventilation attendue.";""
"Attestation de capacité professionnelle — véhicules ≤ 3,5 t";"Module D — Activité financière";"QR";"mft-2026:moduleD:qr12";"Donnée manquante dans l'énoncé : sans prix de vente au km ni coût variable au km, la marge sur coût variable unitaire est indéterminable et aucun kilométrage minimum chiffré ne peut être calculé ; le CRKM de 0,92 EUR/km est un coût complet inutilisable seul. La démarche du corrigé (nouveau seuil = charges fixes majorées / marge sur coût variable par km, soit 38 000 km + 35 000 EUR / MCV unitaire) est la méthode standard du seuil de rentabilité. Il faut compléter l'énoncé pour permettre le chiffrage.";""
"Attestation de capacité professionnelle — véhicules ≤ 3,5 t";"Module D — Activité financière";"QR";"mft-2026:moduleD:qr8";"Point éditorial : l'incohérence interne de l'énoncé est avérée (avec CF 30 000 EUR et CV 0,30 EUR/km, le CRKM à 60 000 km ressort à 0,80 EUR/km et non 0,95 EUR/km), mais aucune source externe ne peut trancher l'intention (0,95 = tarif de vente actuel, coût incluant d'autres charges, ou erreur de chiffre). Les calculs du corrigé à partir des CF/CV fournies (CRKM 0,675 EUR/km à 80 000 km, marge 0,205 EUR/km, décision d'accepter) sont arithmétiquement exacts. À arbitrer par le formateur.";""
"Attestation de capacité professionnelle — véhicules ≤ 3,5 t";"Module E — Salariés et droit social";"QCM";"mft-2026:moduleE:l1:q11";"Ambiguïté : b (« Plus favorable que la CCN ») et c sont tous deux juridiquement vrais, le contrat de travail peut effectivement prévoir des stipulations plus favorables que la convention collective (principe de faveur, art. L.2254-1 C. trav.) ; c est seulement plus complet. Un stagiaire choisissant b serait pénalisé à tort en autocorrection. Reformuler b en proposition fausse (ex. « Uniquement ce que prévoit la CCN ») ou préciser « choisir la réponse la plus complète ».";""
"Attestation de capacité professionnelle — véhicules ≤ 3,5 t";"Module E — Salariés et droit social";"QCM";"mft-2026:moduleE:l1:q12";"Énoncé confus : les blocs de l'art. L. 2253-1 régissent l'articulation branche / accord d'entreprise, pas le conflit loi / CCN posé par la question. Face au Code du travail, c'est le principe de faveur qui joue : la CCN prime si plus favorable, mais la loi (SMIC, ordre public) prime sinon. a et b sont donc chacun défendables ; reformuler en « CCN vs accord d'entreprise sur les salaires minima (bloc 1) ».";""
"Attestation de capacité professionnelle — véhicules ≤ 3,5 t";"Module E — Salariés et droit social";"QCM";"mft-2026:moduleE:l2:q11";"Énoncé ambigu : la clé c (2 mois) n'est vraie qu'en cas de LICENCIEMENT (ancienneté d'au moins 2 ans, art. L1234-1 C. trav., repris par la CCN transports IDCC 16). En cas de démission, le préavis d'un ouvrier est de 1 semaine quelle que soit l'ancienneté : le choix a est donc lui aussi défendable. Ajouter « en cas de licenciement » dans l'énoncé pour lever l'ambiguïté, la clé c devient alors incontestable.";""
"Attestation de capacité professionnelle — véhicules ≤ 3,5 t";"Module E — Salariés et droit social";"QCM";"mft-2026:moduleE:l2:q4";"Le compte « 4 » est une convention pédagogique (remplacement, accroissement, saisonnier, usage) mais pas une donnée légale univoque : l'article L1242-2 du code du travail énumère 6 cas (dont remplacement du chef d'entreprise ou d'exploitant agricole et CDD à objet défini) et les énumérations détaillées type service-public atteignent 7-8 cas, rendant le distracteur « 7 » défendable. Reformuler, par exemple « grandes familles de cas de recours au CDD », ou aligner sur les 6 cas de L1242-2.";""
"Attestation de capacité professionnelle — véhicules ≤ 3,5 t";"Module E — Salariés et droit social";"QCM";"mft-2026:moduleE:l2:q7";"La clé b est vraie (la rupture conventionnelle ouvre droit à l'ARE), mais le distracteur c est lui aussi défendable : service-public.fr (fiche F19030) précise que le dispositif « ne s'applique pas » aux salariés en CDD, ce qu'un stagiaire peut légitimement lire comme « interdite en CDD ». Deux réponses défendables dans un QCM à réponse unique : reformuler c (par exemple « Peut être imposée unilatéralement par l'employeur ») pour lever l'ambiguïté sans changer la clé.";""
"Attestation de capacité professionnelle — véhicules ≤ 3,5 t";"Module E — Salariés et droit social";"QCM";"mft-2026:moduleE:l4:q4";"Clé datée : depuis Cass. soc. 25 nov. 2015, n°14-24.444 (Air France), l'obligation de sécurité n'est plus qualifiée d'obligation de résultat mais d'obligation de moyens renforcée, l'employeur pouvant s'exonérer en prouvant avoir pris toutes les mesures des art. L.4121-1 et L.4121-2. Le choix a (« de moyens » sans le qualificatif « renforcée ») serait toutefois lui aussi imprécis : deux réponses défendables selon la jurisprudence retenue. Question à réécrire avec l'option « de moyens renforcée ».";""
"Attestation de capacité professionnelle — véhicules ≤ 3,5 t";"Module E — Salariés et droit social";"QR";"mft-2026:moduleE:qr4";"La CCN transports routiers (IDCC 16) ne prévoit pas de prime de 1 % : pour les ouvriers, il s'agit d'une majoration des rémunérations conventionnelles garanties de 2 % après 2 ans (puis 4, 6 et 8 % à 5, 10 et 15 ans), assise sur le taux conventionnel du coefficient et non sur le salaire réel. Le 1 % de l'énoncé est un paramètre pédagogique sans base conventionnelle : choix éditorial à trancher (modifier l'énoncé vers 2 % sur taux conventionnel, ou assumer la simplification que le corrigé signale déjà).";""
"Attestation de capacité professionnelle — véhicules ≤ 3,5 t";"Module F — Sécurité";"QCM";"mft-2026:moduleF:l1:q1";"La clé b (≤ 3,5 t) est exacte, mais l'explication est trompeuse : elle laisse croire que le permis B seul couvre un ensemble jusqu'à 4,25 t, alors qu'entre 3,5 et 4,25 t d'ensemble la mention additionnelle B96 (formation de 7 h) est obligatoire ; le permis B seul ne couvre qu'un ensemble ≤ 3,5 t (vérifié sur service-public.fr, fiche F2827). [Contre-vérification : non confirmé : F2827 contredit le texte proposé : avec remorque ≤ 750 kg, le B seul couvre un ensemble jusqu'à 4 250 kg (aucune limite d'ensemble) ; le B96 n'est exigé que si remorque > 750 kg et somme des PTAC entre 3 500 et 4 250 kg. La phrase « ensemble > 3,5 t ⇒ B96 » du nouveau texte est fausse.]";""
"Attestation de capacité professionnelle — véhicules ≤ 3,5 t";"Module F — Sécurité";"QCM";"mft-2026:moduleF:l1:q2";"Clé b imprécise et distracteur d défendable. La qualification initiale (140 h) s'impose au compte propre COMME au compte d'autrui (décret 2007-1340, confirmé par ecologie.gouv.fr), donc « pour transport pour autrui » est inexact. Et la FIMO marchandises ne vise que les véhicules de PTAC > 3,5 t, point précisément enseigné dans ce parcours ≤ 3,5 t : un stagiaire peut légitimement cocher d. Reformuler (retirer « pour autrui » et remplacer le distracteur d).";""
"Attestation de capacité professionnelle — véhicules ≤ 3,5 t";"Module F — Sécurité";"QCM";"mft-2026:moduleF:l1:q6";"Depuis le 10/09/2009, la FIMO s'applique aussi au compte propre dès lors que le véhicule exige un permis C/CE ; l'exemption réelle (R3314-15 du code des transports) vise la conduite non principale avec matériel pour son métier, pas le statut compte propre en soi. En cadre ≤ 3,5 t (permis B), la clé b reste vraie, mais l'énoncé généralise : le choix a est défendable pour un conducteur permanent en compte propre > 3,5 t. Reformuler l'énoncé en précisant ≤ 3,5 t.";""
"Attestation de capacité professionnelle — véhicules ≤ 3,5 t";"Module F — Sécurité";"QCM";"mft-2026:moduleF:l3:q4";"Cle b seule defendable (amende + risque penal) mais son montant est faux : le defaut d'arrimage releve de l'art. R312-19 IV du code de la route, contravention de 3e classe (68 euros forfaitaire, 450 euros max), verifie sur Legifrance ; 750 euros est le max de la 4e classe (surcharge). Le chiffre errone etant dans le libelle du choix, corriger cle ou explication ne suffit pas : reecrire le libelle b (amende 3e classe, immobilisation possible, responsabilite penale en cas d'accident).";""
"Attestation de capacité professionnelle — véhicules ≤ 3,5 t";"Module F — Sécurité";"QCM";"mft-2026:moduleF:l4:q3";"Un véhicule 100 % électrique reçoit la vignette verte réservée aux véhicules électriques et hydrogène (dite Crit'Air 0 ou E), et non la Crit'Air 1 (violette : gaz, hybrides rechargeables, essence Euro 5/6). Aucun des 4 choix proposés n'est donc exact et l'explication actuelle confond les deux classes. Il faut réécrire les choix en ajoutant la vignette verte électrique/hydrogène comme bonne réponse. Sources : service-public.fr F33371 et ecologie.gouv.fr (certificats qualité de l'air).";""
"Attestation de capacité professionnelle — véhicules ≤ 3,5 t";"Module F — Sécurité";"QR";"mft-2026:moduleF:qr2";"Procédure (signalement écrit, immobilisation, réparation tracée, remise en service) exacte, mais la qualification « obligation de sécurité de résultat » est datée : depuis Cass. soc. 25 novembre 2015, n° 14-24.444 (Air France), l'obligation de sécurité de l'employeur (art. L.4121-1 C. trav.) est une obligation de moyens renforcée, l'employeur pouvant s'exonérer en prouvant les mesures de prévention prises. [Contre-vérification : non confirmé : Legifrance confirme l'arrêt (soc. 25/11/2015 n°14-24.444, Air France) mais celui-ci conserve la formule « obligation de sécurité de résultat » : « obligation de moyens renforcée » est doctrinal, non jurisprudentiel. De plus L.4121-1 ne vise que les travailleurs, pas les tiers.]";""
"Capacité de transport > 3,5 t — Préparation à l'examen national";"Module F — Accès à la profession et au marché";"QR";"34ebcb91-QR-06-placeholder";"L'énoncé lui-même demande de justifier l'obligation de retour des véhicules toutes les huit semaines, or cette disposition du règlement (UE) 2020/1055 a été annulée par la CJUE le 4 octobre 2024 (aff. jointes C-541/20 à C-555/20) et n'est plus applicable. Le reste du corrigé (boîtes aux lettres, retour des conducteurs, détachement) reste exact. Corriger le seul corrigé créerait une incohérence : la question doit être reformulée en cadrage historique ou retirée. Décision formateur.";""
"Capacité de transport > 3,5 t — Préparation à l'examen national";"Module G — Normes techniques et exploitation";"QCM";"CAPA-LOURD-G-QCM-04";"Ambigu : l'ADR lui-même (2.1.1.1) énumère 13 classes, car 4.1, 4.2, 4.3, 5.1, 5.2, 6.1 et 6.2 y sont des classes à part entière (contrairement au modèle ONU/IMDG), et les formations ADR françaises (AFTRAL, Dekra) enseignent 13 classes. La clé 9 repose sur la numérotation 1 à 9, mais 13 n'est pas proposé : un stagiaire bien formé est piégé. Reformuler (classes numérotées de 1 à ...) ou proposer 13 en choix.";""
"Enseignant de la Conduite et de la Sécurité Routière";"Module 1 : Le métier et le titre ECSR";"QR";"ECSR-M1-QR-05";"Socle exact : évaluation de départ préalable au contrat, contrat écrit, démarches ANTS, livret d'apprentissage exigé par l'art. R211-3, épreuve pratique évaluée par un IPCSR sous l'autorité du DPCSR. Deux points à arbitrer : le livret n'est pas obligatoirement dématérialisé (le numérique reste une option), et la formule places attribuées via la préfecture/DDT ne reflète plus RdvPermis, où l'école réserve directement le créneau. Périmètre exact de RdvPermis en 2026 non vérifié.";""
"Enseignant de la Conduite et de la Sécurité Routière";"Module 2 : Le REMC et les parcours de formation";"QR";"ECSR-M2-QC-03";"Les trois couples attestation/niveau sont exacts (APER en primaire, délivrée en fin de cycle 3 ; ASSR1 en 5e ; ASSR2 en 3e). En revanche la parenthèse sur l'ASSR2 est trop large : l'obligation vise les candidats nés en 1988 ou après ET âgés de moins de 21 ans, pour l'obtention de leur première catégorie de permis (l'ASR en tient lieu hors scolarité). [Contre-vérification : non confirmé : Sources officielles (service-public F16548 et F2828) : condition = moins de 21 ans + 1re categorie (A, A2, B, B1), sans critere d'annee de naissance. Le remplacement conserve « nes en 1988 ou apres » comme condition cumulative, non etayee par la source citee (lien eduscol obsolete : 301 puis 403).]";""
"Enseignant de la Conduite et de la Sécurité Routière";"Module 2 : Le REMC et les parcours de formation";"QR";"ECSR-M2-QR-04";"Faits exacts : AAC dès 15 ans, 1 an minimum et 3 000 km, 2 rendez-vous pédagogiques, probatoire 2 ans au lieu de 3 ; conduite supervisée réservée aux 18 ans révolus (le code de la route n'a pas été aligné sur le permis à 17 ans). Point éditorial à arbitrer : depuis le 1er janvier 2024 l'épreuve pratique B est ouverte à tous dès 17 ans, donc ""examen dès 17 ans"" n'est plus un élément distinctif du cadre AAC (corrigé et barème).";""
"Enseignant de la Conduite et de la Sécurité Routière";"Module 2 : Le REMC et les parcours de formation";"QR";"ECSR-M2-QR-05";"Rien de faux : la structure décrite (phase de conduite avec l'accompagnateur à bord, puis temps d'échanges) correspond bien au RVP officiel, et les 2 RVP obligatoires de l'AAC sont exacts. Donnée manquante à arbitrer : le cadre réglementaire du RVP (3 h, dont 1 h de conduite et 2 h d'échanges, 1er RVP entre 4 et 6 mois après l'attestation de fin de formation initiale, second après 3 000 km, présence obligatoire d'un accompagnateur) n'apparaît ni au corrigé ni au barème.";""
"Enseignant de la Conduite et de la Sécurité Routière";"Module 3 : Enseigner en voiture : la séance individuelle";"QR";"ECSR-M3-QC-03";"Le contenu (acquis / points à travailler / objectif suivant, avec auto-évaluation préalable de l'élève) est conforme à la logique d'auto-évaluation du REMC. En revanche le barème est arithmétiquement incohérent : la ventilation 0,75 + 0,75 + 0,5 donne 1,5 pt pour deux volets (a+b) ou 1,25 pt (a+c), alors que la grille globale annonce 1 pt pour 2 volets. Arbitrage éditorial requis : conserver soit la ventilation détaillée, soit la grille globale.";""
"Enseignant de la Conduite et de la Sécurité Routière";"Module 4 : Séances collectives et examens du permis";"QR";"ECSR-M4-QC-03";"Aucun texte officiel ni référentiel public (REMC, programmes TP ECSR) ne fixe un déroulé canonique en « cinq temps » avec ces intitulés : la séquence proposée est pédagogiquement cohérente mais son libellé exact relève du support de cours interne du module M4. Point éditorial à aligner sur le cours de référence, pas de donnée réglementaire à trancher.";""
"Enseignant de la Conduite et de la Sécurité Routière";"Module 5 : Sensibiliser tous les publics (CCP2)";"QR";"ECSR-M5-QC-02";"La logique en trois phases (émergence des représentations, apport et confrontation d'éléments objectifs, élaboration de solutions par le groupe) se retrouve dans les programmes TP ECSR publiés, mais aucun texte officiel ne fixe une dénomination canonique des « trois temps » : le libellé et l'ordre attendus relèvent du support de cours interne du module M5. Point éditorial à recaler sur le cours de référence.";""
"Enseignant de la Conduite et de la Sécurité Routière";"Module 5 : Sensibiliser tous les publics (CCP2)";"QR";"ECSR-M5-QC-10";"Contenu factuellement exact (l'ECSR doit être titulaire de l'autorisation d'enseigner délivrée par le préfet, art. L212-1 code de la route) et total du barème juste (0,75 + 0,75 + 0,5 = 2). Mais la clause dégressive contredit la pondération : « 2 éléments = 1,25 pt » alors que deux éléments valent 1,5 ou 1,25 selon lesquels, et « 1 seul = 0,5 pt » alors que deux des trois valent 0,75. Convention de correction à arbitrer.";""
"Enseignant de la Conduite et de la Sécurité Routière";"Module 6 : Préparer la session du titre";"QR";"ECSR-M6-QC-01";"Le libellé officiel du CCP1 est « Former des apprenants conducteurs par des actions individuelles et collectives, dans le respect des cadres réglementaires en vigueur » (fiches RNCP35329 et RNCP41862, cette dernière active depuis le 29/04/2026 ; arrêté du 26 janvier 2021). Le CCP2 du corrigé est exact mot pour mot, le nombre de CCP (2) et la délivrance au nom du ministère du Travail sont confirmés. Attention : le RNCP 40990 cité dans la note correspond au titre GOTRM, la fiche ECSR en vigueur est RNCP41862. [Contre-vérification : correction non confirmée : Fond confirmé mot pour mot (RNCP41862, France Compétences, effet 29/04/2026, ministère du Travail). Dégradé car « ancien » n'est pas un extrait exact : « d’un » (apostrophe courbe) vs « d'un » (droite) en base de production, vérifié par SQL. Le remplacement exact échouerait. Re-soumettre avec apostrophe droite.]";""
"Enseignant de la Conduite et de la Sécurité Routière";"Module 6 : Préparer la session du titre";"QR";"ECSR-M6-QC-03";"Aucun texte officiel (référentiel de certification du titre, arrêté du 22 décembre 2015, fiche RNCP41862) ne définit une liste normée de « trois marqueurs pédagogiques » pour la séance individuelle. La triade objectif opérationnel / méthode active / évaluation formative est cohérente avec le REMC, mais le libellé exact relève du support de cours M6, invérifiable par une source externe. Point éditorial à caler sur le support.";""
"Enseignant de la Conduite et de la Sécurité Routière";"Module 6 : Préparer la session du titre";"QR";"ECSR-M6-QC-05";"Le bloc CCP2 (RNCP41862) vise bien des actions de sensibilisation adaptées au public et orientées vers l'adoption de comportements sûrs, ce qui rend la paire proposée plausible, mais aucun texte officiel ne fixe une liste de « deux exigences » distinguant sensibilisation et exposé. Le découpage retenu est un choix pédagogique du support M6, non tranchable par une source externe.";""
"Enseignant de la Conduite et de la Sécurité Routière";"Module 6 : Préparer la session du titre";"QR";"ECSR-M6-QR-04";"Donnée manquante sur la structure de la session : le corrigé et le barème parlent de « chacune des épreuves de la session » mais n'en citent que trois (mise en situation, entretien technique, entretien final). Le référentiel d'évaluation du TP ECSR prévoit en outre un questionnement à partir de productions (présentation orale de l'action de sensibilisation conduite en entreprise). Arbitrage formateur : compléter ou reformuler le barème.";""
"Exploitant en Régulation du Transport de Voyageurs";"Module 1 : Le cadre du transport routier de voyageurs";"QR";"ERTV-M1-QC-03";"Pour un service occasionnel national, le document de contrôle exigé à bord est le billet collectif (arrêté du 28 décembre 2011 relatif aux titres administratifs et aux documents de contrôle, transport public routier de personnes) ; la feuille de route n'est exigée que pour les services occasionnels internationaux (règlement CE 1073/2009). L'énoncé ne précisant pas le caractère international, le corrigé est complété pour couvrir les deux cas. [Contre-vérification : correction non confirmée : Fond confirmé (arrêté 28/12/2011, Légifrance : billet collectif = national, feuille de route = international, CE 1073/2009). Remplacement « corrige » exact, mais l'« ancien » du barème contient « d’assurance » (apostrophe courbe) vs apostrophe droite en base (vérifié par SQL) : application partielle. Corriger l'apostrophe puis appliquer.]";""
"Exploitant en Régulation du Transport de Voyageurs";"Module 1 : Le cadre du transport routier de voyageurs";"QR";"ERTV-M1-QC-06";"Le critere de distinction (transfert du risque d'exploitation) est exact. En revanche, l'affirmation que le delegataire se remunere ""en grande partie sur les recettes percues aupres des usagers"" est inexacte : l'article L1411-1 du CGCT prevoit que la contrepartie est le droit d'exploiter le service ""soit de ce droit assorti d'un prix"" ; dans les reseaux urbains la contribution de l'AOM depasse le plus souvent les recettes voyageurs. Seul le risque est determinant. [Contre-vérification : non confirmé : Source refutee : le L1411-1 CGCT en vigueur ne dit rien de la remuneration ni du droit d'exploiter assorti d'un prix ; il renvoie a L1121-3 CCP. Le remplacement insere une citation d'article erronee dans le corrige, et le bareme reste inchange.]";""
"Exploitant en Régulation du Transport de Voyageurs";"Module 1 : Le cadre du transport routier de voyageurs";"QR";"ERTV-M1-QR-06";"Rien de faux : missions du gestionnaire (entretien, contrats, affectation des conducteurs, sécurité), détention de la capacité et honorabilité personnelle sont conformes à R3113-43 et R3113-23. Mais une donnée manque sur le point même de l'énoncé : le préfet de région met en demeure de régulariser, délai max 6 mois en cas de cessation d'activité du gestionnaire, 9 mois si décès ou incapacité physique (R3113-13). Arbitrage formateur : ajouter ou non ce délai.";""
"Exploitant en Régulation du Transport de Voyageurs";"Module 2 : Concevoir l'offre : graphicage et habillage";"QR";"ERTV-M2-QC-02";"La littérature de référence sur le graphicage et l'habillage désigne l'enchaînement des courses d'un même véhicule par « service voiture » (le mot « roulement » désigne plus classiquement le roulement des conducteurs), mais les termes coexistent dans la profession et le barème les accepte tous. Le terme canonique attendu dépend du support interne du Module 2, invérifiable par recherche web : arbitrage formateur requis.";""
"Exploitant en Régulation du Transport de Voyageurs";"Module 2 : Concevoir l'offre : graphicage et habillage";"QR";"ERTV-M2-QC-03";"La réponse attendue (feuille de service, issue de l'habillage et du roulement) est correcte. Point éditorial sur la convention de correction : le barème accepte « feuille de route » comme synonyme, or c'est en droit un document de contrôle distinct (feuille de route du règlement CE 1073/2009, services occasionnels internationaux, à remplir avant le départ). À arbitrer sur une plateforme certifiante.";""
"Exploitant en Régulation du Transport de Voyageurs";"Module 3 : Exploiter et réguler au quotidien";"QR";"ERTV-M3-QC-07";"Les trois leviers sont licites et la limite (temps de conduite/repos, conducteur inapte ou non habilité) est exacte. À arbitrer : corrigé et barème visent le seul règlement CE 561/2006, dont l'article 3 a) exclut « les véhicules affectés au transport de voyageurs par des services réguliers dont le parcours de la ligne ne dépasse pas 50 km » (urbain/périurbain, règles nationales). Exact pour l'autocar >50 km, incomplet pour un réseau urbain.";""
"Exploitant en Régulation du Transport de Voyageurs";"Module 4 : Le social du transport de voyageurs";"QR";"ERTV-M4-QR-01";"FIMO voyageurs 140 h, FCO 35 h/5 ans et seuil alcool 0,2 g/L (art. R234-1) sont exacts, mais l'âge d'accès au permis D est erroné : l'article R221-5 du code de la route fixe 24 ans pour les catégories D et DE (21 ans pour C, CE, D1, D1E), l'abaissement à 21 ans étant précisément lié à la détention de la qualification initiale (FIMO ou titre professionnel). [Contre-vérification : non confirmé : R221-5 confirme 24 ans (D/DE), mais le remplacement est inexact : selon R3314-6 c. transports, la FIMO voyageurs 140 h n'ouvre D/DE qu'a 23 ans (21 ans seulement si services reguliers <=50 km) ; seul le titre pro (R3314-4) donne 21 ans.]";""
"Exploitant en Régulation du Transport de Voyageurs";"Module 5 : Sécurité des voyageurs et qualité de service";"QR";"ERTV-M5-QR-05";"Le BEA-TT est bien compétent pour l'enquête technique sur un accident d'autocar, en parallèle de l'enquête judiciaire, et extincteur, boîte de premiers secours, issues de secours et dispositifs de bris de vitre sont bien imposés. En revanche le coupe-ceinture, présenté comme équipement « réglementaire », ne figure pas aux art. 64 à 70 ter et les sources secondaires se contredisent : recherche non concluante, à arbitrer (retirer « réglementaires » ou conserver comme équipement d'usage).";""
"Exploitant en Régulation du Transport de Voyageurs";"Module 6 : Préparation à l'évaluation";"QR";"ERTV-M6-QC-04";"La primauté de la sécurité des personnes et l'obligation d'information des voyageurs en cas de perturbation (règlement UE 181/2011) sont incontestables, mais la hiérarchie précise à trois niveaux (sécurité puis correspondance puis régularité) est une doctrine d'exploitation propre aux supports de cours, non fixée par un texte officiel. Point pédagogique à valider par le formateur contre son référentiel.";""
"FIMO Marchandises & FCO obligatoire";"Module 0 — FIMO, FCO et carte de qualification";"QR";"FIMO-M0-QR-05";"Le mécanisme est correct (exemption de l'art. R. 3314-15 conditionnée au caractère non principal de la conduite ; l'interprétation retient plus de 50 % du temps de travail comme activité principale, moins de 30 % en mois glissant comme accessoire). Mais le texte vise « matériel, équipement ou machines destinés à être utilisés dans l'exercice du métier », ce qui ne couvre pas les matériaux de construction. L'énoncé « approvisionner ses chantiers » est ambigu : arbitrage formateur.";""
"FIMO Marchandises & FCO obligatoire";"Module 5 — Préparation à l'évaluation";"QR";"FIMO-M5-QC-05";"Le contenu du corrigé est juridiquement exact : lettre de voiture renseignée et contrôlée à l'enlèvement (réserves au chargement) puis signature/émargement du destinataire valant preuve de livraison, conformément au contrat type général (décret n° 2017-461, art. 21-22 de l'annexe) et à la CMR. En revanche, l'intitulé exact des « deux réflexes documentaires » attendu par le support FIMO-M5 est un choix éditorial interne que la recherche web ne peut pas trancher.";""
"FIMO Marchandises & FCO obligatoire";"Thème 2 — Réglementations du transport";"QCM";"FIMO-T2-QCM-04";"Clé obsolète sans option de remplacement : depuis le 31/12/2024, le règlement (UE) 2020/1054 (modifiant l'art. 36 du règlement UE 165/2014) impose de justifier la journée en cours ET les 56 jours précédents. En juillet 2026, « 28 jours » est faux, mais aucun choix ne propose 56 jours : pas de bonne_id possible. Réécrire l'item (option « journée en cours + 56 jours ») et mettre l'explication à jour.";""
"FIMO Marchandises & FCO obligatoire";"Thème 3 — Santé, sécurité routière et environnementale";"QR";"FIMO-T3-QR-03";"Le fond est exact : rétro d'accostage (classe V) côté passager et rétro frontal/antéviseur (classe VI) couvrent bien l'angle mort latéral bas et la zone pare-chocs (dir. 2003/97/CE, arrêté du 10 avril 2008) ; signalisation angles morts obligatoire depuis le 1er janvier 2021. Point à trancher : « rétro plan américain » n'est pas une désignation reconnue, les termes normalisés étant rétroviseur principal (plan, classe II) et grand angle (classe IV).";""
"FIMO Marchandises & FCO obligatoire";"Thème 3 — Santé, sécurité routière et environnementale";"QR";"FIMO-T3-QR-04";"Exact sur l'essentiel : le constat amiable n'est pas obligatoire, remplir sa partie seul en mentionnant le refus de signer est la bonne conduite, le 17 est le bon numéro face aux menaces, déclaration à l'assureur sous 5 jours ouvrés. Point éditorial à arbitrer : « protège presque autant qu'un constat signé » surestime la valeur probante, un constat non contresigné ne valant pas preuve de la responsabilité adverse.";""
"FIMO Marchandises & FCO obligatoire";"Thème 4 — Service, logistique et image du métier";"QR";"FIMO-T4-QC-05";"Point éditorial : la trame écouter / reformuler / proposer / conclure est une version standard en relation client, mais aucun texte officiel (Code des transports, programme FIMO de l'arrêté du 3 janvier 2008) ne fixe l'intitulé des « quatre temps ». L'alignement avec le support pédagogique du centre ne peut pas être tranché par une recherche documentaire ; à valider par le formateur référent.";""
"FIMO Marchandises & FCO obligatoire";"Thème 4 — Service, logistique et image du métier";"QR";"FIMO-T4-QC-10";"Cœur du corrigé exact : la réserve reste un constat factuel, la cause et le responsable relèvent de l'expertise. À arbitrer : l'affirmation qu'une cause écrite pourrait engager la responsabilité du transporteur n'est adossée à aucun texte identifié (recherche non concluante) ; et le risque de confusion avec le chargement, où mentionner « chargement effectué par l'expéditeur » est au contraire recommandé (art. 17.4 CMR). Aucune donnée chiffrée fausse.";""
"Gestionnaire des Opérations de Transport Routier de Marchandises";"Chapitre 2 — Les véhicules, les carrosseries et les marchandises";"QR";"mft-2026-gotrm-ccp1-qr-v2:ch02:ex2.3";"Les deux points signalés sont éditoriaux : la largeur utile absente de l'énoncé et le choix de la convention de calcul des mètres linéaires (rangée : 9,20 ml, ou surface/largeur : 8,43 ml) relèvent d'une harmonisation pédagogique du chapitre, pas d'une norme vérifiable. Le barème tolère déjà les deux méthodes ; les valeurs accessoires citées (largeur hors tout 2,55 m, 2,60 m en frigorifique, art. R312-10 code de la route) sont exactes.";""
"Gestionnaire des Opérations de Transport Routier de Marchandises";"Chapitre 2 — Les véhicules, les carrosseries et les marchandises";"QR";"mft-2026-gotrm-ccp1-qr-v2:ch02:ex2.5";"Arithmetique exacte : 1,536 m3 x 18 = 27,648 ; x 330 = 9 123,84 kg ; 9 x 0,80 = 7,20 ml ; x 1 790 = 12 888 kg ; max = 12 888 kg ; 3,60 ml x 1 790 = 6 444 kg ; 600 kg/palette. Point editorial : l'enonce dit « palettes EUR (80 cm de large) chargees par paires » alors que le corrige place le cote 1,20 m dans la largeur. La lecture litterale (2 x 0,80 = 1,60 m, rangees de 1,20 m) donne 10,80 ml et 19 332 kg, cas non couvert par la tolerance du bareme.";""
"Gestionnaire des Opérations de Transport Routier de Marchandises";"Chapitre 2 — Les véhicules, les carrosseries et les marchandises";"QR";"mft-2026-gotrm-ccp1-qr-v2:ch02:ex2.6";"La capacité de référence d'une semi de 13,60 m (34 palettes par calcul strict 13,60/0,40, ou 33 en usage professionnel) est une convention de cours à fixer par le concepteur : aucune norme réglementaire ne tranche, et le barème accepte déjà les deux réponses justifiées. Les compléments d'énoncé demandés (poids, non-gerbabilité, largeur utile) sont également éditoriaux. La seule donnée réglementaire citée (44 t à 5 essieux en national, R312-4) est exacte.";""
"Gestionnaire des Opérations de Transport Routier de Marchandises";"Chapitre 4 — Calculer le coût de revient et tarifer une prestation";"QR";"mft-2026-gotrm-ccp1-qr-v2:ch04:ex4.1";"Le point signalé est purement éditorial : les données chiffrées de l'annexe (kilométrage, jours, charges, CA) sont absentes de la base et doivent être réinjectées depuis le PDF d'origine avant de repasser needs_review à false, ce qu'aucune recherche réglementaire ne peut trancher. Les formules du corrigé méthodologique sont standard et la mention de la taxe annuelle sur l'utilisation des véhicules lourds (ex-taxe à l'essieu, codifiée au CIBS) est correcte et sans montant.";""
"Gestionnaire des Opérations de Transport Routier de Marchandises";"Chapitre 4 — Calculer le coût de revient et tarifer une prestation";"QR";"mft-2026-gotrm-ccp1-qr-v2:ch04:ex4.2";"Les valeurs derivees sont exactes (110 000/220 = 500 km/j ; 784 x 220 = 172 480 EUR ; 784/500 = 1,568 EUR/km) et les formules de seuil de rentabilite du corrige (SR = charges fixes / taux de MCV, CAC = CF/t, MCV = CA - CV) sont conformes aux references. Le point signale, l'absence de l'annexe des charges du POR 85, est une donnee manquante de l'enonce que la recherche web ne peut pas combler : les resultats chiffres doivent etre completes par le formateur depuis l'annexe d'origine.";""
"Gestionnaire des Opérations de Transport Routier de Marchandises";"Chapitre 4 — Calculer le coût de revient et tarifer une prestation";"QR";"mft-2026-gotrm-ccp1-qr-v2:ch04:ex4.3";"Le traitement de la marge de 7 % du prix de vente est correct : une marge exprimee en pourcentage du prix de vente est un taux de marque, d'ou PV = cout de revient / (1 - 0,07) = CR / 0,93, et non CR x 1,07 (definition confirmee par Bpifrance Creation : taux de marque = marge / prix de vente HT). Les formules de rentabilite sont conformes. Le point bloquant signale, l'annexe chiffree du porteur 19 t absente de la base, est une donnee manquante non resoluble par recherche : les resultats chiffres restent a completer par le formateur.";""
"Gestionnaire des Opérations de Transport Routier de Marchandises";"Chapitre 4 — Calculer le coût de revient et tarifer une prestation";"QR";"mft-2026-gotrm-ccp1-qr-v2:ch04:ex4.4";"La demarche du corrige est conforme aux references (masse salariale majoree de l'absenteisme, formes trinome/binome/monome, SR = CF / MCV, CAC = CF / taux de MCV, point mort) et le retrait de la mention non sourcee de 47 semaines est prudent : le nombre de semaines d'exploitation est une donnee d'annexe, non normalisee. Le point signale, l'annexe 1 des conditions d'exploitation absente de la base, est une donnee manquante de l'enonce que la recherche ne peut pas combler ; a completer par le formateur.";""
"Gestionnaire des Opérations de Transport Routier de Marchandises";"Chapitre 4 — Calculer le coût de revient et tarifer une prestation";"QR";"mft-2026-gotrm-ccp1-qr-v2:ch04:ex4.5";"La regle du payant-pour decrite (comparaison du prix au poids taxable reel avec le prix au poids plancher de la tranche superieure, facturation du montant le plus favorable au client) est conforme a l'usage professionnel documente pour les tarifs degressifs de messagerie ; les regles 250 kg/m3, primaute du poids reel et arrondi au kg superieur sont donnees par l'enonce lui-meme. Le point signale, les prix HT dependant de la grille MATO en annexe image non lisible, est une donnee manquante a renseigner par le formateur.";""
"Gestionnaire des Opérations de Transport Routier de Marchandises";"Chapitre 4 — Calculer le coût de revient et tarifer une prestation";"QR";"mft-2026-gotrm-ccp1-qr-v2:ch04:ex4.7";"Les points verifiables sont exacts : la terminologie rectifiee est correcte (taux de marge = marge / cout ; taux de marque = marge / prix de vente, d'ou PV = CR / (1 - taux)) et toutes les durees du reglement CE 561/2006 citees sont conformes (4 h 30 puis pause de 45 min fractionnable 15 puis 30 min, 9 h portees a 10 h deux fois par semaine, 56 h hebdomadaires, 90 h sur deux semaines, repos journalier de 11 h reductible a 9 h trois fois). Le point restant, l'absence totale des donnees chiffrees d'ATLANTIC FRET SERVICES en base, est une donnee manquante a recuperer aupres du formateur.";""
"Gestionnaire des Opérations de Transport Routier de Marchandises";"Chapitre 4 — Calculer le coût de revient et tarifer une prestation";"QR";"mft-2026-gotrm-ccp1-qr-v2:ch04:ex4.8";"Les elements reglementaires du corrige sont confirmes en vigueur : TVA au taux normal de 20 % sur le transport interieur de marchandises (art. 278 CGI), indexation gazole obligatoire prevue aux articles L. 3222-1 et L. 3222-2 du code des transports, et 44 t maximum pour les ensembles de plus de 4 essieux en transport national (art. R. 312-4 du code de la route). Le point signale, la grille tarifaire TRANSGO et la liste des commandes en annexe image non lisible, est une donnee manquante : le corrige chiffre doit etre complete par le formateur.";""
"Gestionnaire des Opérations de Transport Routier de Marchandises";"Chapitre 4 — Calculer le coût de revient et tarifer une prestation";"QR";"mft-2026-gotrm-ccp1-qr-v2:ch04:ex4.9";"Tous les calculs du corrige ont ete reverifies et sont exacts : 0,80 x 1,20 x 2,23 = 2,1408 m3 ; x 22 = 47,0976 m3 ; x 330 = 15 542 kg ; 22 x 0,40 = 8,80 ml ; x 1 790 = 15 752 kg ; poids taxable arrondi 15 800 kg, le poids metrique dominant dans les deux hypotheses de hauteur (regle du poids le plus eleve conforme a l'usage professionnel). Les points signales restants sont non resolubles par recherche : la grille tarifaire (Q7) et le payant-pour chiffre (Q8) dependent de l'annexe image absente, et l'ambiguite de l'enonce sur la hauteur (palette comprise vs + 0,15 m) est editoriale.";""
"Gestionnaire des Opérations de Transport Routier de Marchandises";"Chapitre 5 — Rédiger une offre commerciale";"QR";"mft-2026-gotrm-ccp1-qr-v2:ch05:ex5.1";"Les points signalés sont purement éditoriaux : le prix du transport principal figure dans l'annexe de l'exercice 4.8 (à reporter par le formateur) et l'harmonisation TECHNIBOIS/TECHNOBOIS ainsi que la coquille d'adresse relèvent de la relecture de l'énoncé. Les ancrages réglementaires du corrigé sont par ailleurs exacts : indexation gazole L.3222-1/L.3222-2 du code des transports et paiement à 30 jours à compter de l'émission de la facture (art. L.441-11 du code de commerce, en vigueur).";""
"Gestionnaire des Opérations de Transport Routier de Marchandises";"Chapitre 6 — Choisir et affecter les moyens matériels et humains";"QR";"mft-2026-gotrm-ccp1-qr-v2:ch06:ex6.1";"La capacité de 33 palettes EUR au sol pour une semi-remorque standard de 13,60 m (3 rangées de 11) est confirmée par les références professionnelles du secteur, et l'absence de grue sur SREM-03 est cohérente avec l'énoncé qui n'en mentionne aucune. En revanche, le rattachement de la mention « REPOS JOURNALIER jusqu'à 14h » à Martin LACHAUD et le sens exact de la colonne FCO (échéance ou date de la dernière FCO suivie) dépendent de la mise en page de l'annexe d'origine, non disponible : la recherche ne permet pas de trancher.";""
"Gestionnaire des Opérations de Transport Routier de Marchandises";"Chapitre 6 — Choisir et affecter les moyens matériels et humains";"QR";"mft-2026-gotrm-ccp1-qr-v2:ch06:ex6.4";"Les points signalés sont éditoriaux : les six annexes SUPRAMA ne sont pas en base et l'intitulé de la question 1 est tronqué, ce que seule la restauration du sujet original peut résoudre. Les ancrages du corrigé sont par ailleurs exacts et en vigueur : 16,50 m ensemble articulé et 18,75 m train routier (art. R.312-11 et R.312-10 du code de la route), largeur 2,55 m portée à 2,60 m pour les parois épaisses à température dirigée, 44 t sur 5 essieux (art. R.312-4), seuils du règlement CE 561/2006 correctement cités.";""
"Gestionnaire des Opérations de Transport Routier de Marchandises";"Chapitre 7 — Les documents de transport";"QR";"mft-2026-gotrm-ccp1-qr-v2:ch07:ex7.3";"Le point signalé est éditorial : la lettre de voiture de l'annexe n'est pas disponible en base, donc la ventilation exacte Présente/Manquante des 12 mentions ne peut être établie que sur le document réel avant publication. Le cadre juridique de repli existe si le formateur souhaite citer une référence : l'arrêté du 9 novembre 1999 relatif aux documents de transport devant se trouver à bord des véhicules de transport routier de marchandises fixe les mentions de la lettre de voiture (vérifié sur Légifrance).";""
"Gestionnaire des Opérations de Transport Routier de Marchandises";"Chapitre 8 — Planifier et optimiser les opérations";"QR";"mft-2026-gotrm-ccp1-qr-v2:ch08:ex8.1";"Point editorial : l'annexe 2 (puits de commandes, absences, indisponibilites) est indispensable pour etablir les affectations chiffrees et n'est pas accessible ; la recherche ne peut s'y substituer. Les seuils RSE cites (4 h 30 / 45 min fractionnable 15 + 30, 9 h portable a 10 h deux fois par semaine, 56 h, 90 h sur deux semaines, 11 h reductible a 9 h, 45 h reductible a 24 h avec compensation) sont confirmes conformes au reglement CE 561/2006 en vigueur en 2026, verifies sur le site du ministere charge des transports.";""
"Gestionnaire des Opérations de Transport Routier de Marchandises";"Chapitre 8 — Planifier et optimiser les opérations";"QR";"mft-2026-gotrm-ccp1-qr-v2:ch08:ex8.2";"Les deux sous-points verifiables sont exacts : (a) la limite de 12 h de temps de service quotidien du personnel roulant marchandises releve du droit national (decret 83-40 codifie au code des transports), confirmee par le ministere charge des transports, non du reglement CE 561/2006 ; (b) une semi-remorque standard de 13,60 m charge bien 33 palettes europe au sol (ordre de grandeur indicatif correct). En revanche, les horaires d'arrivee et le temps de service total exigent l'annexe des distances/temps, absente de l'enonce stocke : point editorial non tranchable ici.";""
"Gestionnaire des Opérations de Transport Routier de Marchandises";"Chapitre 8 — Planifier et optimiser les opérations";"QR";"mft-2026-gotrm-ccp1-qr-v2:ch08:ex8.3";"Point editorial : la liste des offres de fret et le credit de conduite deja consomme par LACHAUD figurent dans une annexe absente de l'enonce stocke ; l'offre a retenir et les valeurs numeriques ne peuvent pas etre completees par la recherche. Les contraintes reglementaires citees dans la methode (conduite continue 4 h 30 puis interruption 45 min fractionnable 15 + 30, conduite journaliere 9 h portable a 10 h deux fois par semaine) sont confirmees conformes au reglement CE 561/2006 en vigueur.";""
"Gestionnaire des Opérations de Transport Routier de Marchandises";"Chapitre 9 — La réglementation sociale européenne (RSE)";"QR";"mft-2026-gotrm-ccp1-qr-v2:ch09:ex9.1";"Point editorial : l'incoherence de l'enonce est averee (un retour au depot le mardi est impossible apres un aller de 1 045 km acheve le mardi a 13 h 52) et seul l'auteur peut trancher entre reformulation et maintien de la lecture aller simple du corrige, sans incidence sur les quatre questions. Les calculs recontroles sont exacts (1 045 / 68 = 15,3676 h = 15 h 22 ; 612 + 433 km ; repos de 11 h acheve avant la fin de la periode de 24 h) et les seuils cites sont conformes au reglement CE 561/2006 en vigueur.";""
"Gestionnaire des Opérations de Transport Routier de Marchandises";"Chapitre 9 — La réglementation sociale européenne (RSE)";"QR";"mft-2026-gotrm-ccp1-qr-v2:ch09:ex9.2";"Point editorial : le releve hebdomadaire d'activites de Nicolas DURAND est absent de l'enonce stocke ; la liste nominative des infractions et les ecarts chiffres ne peuvent pas etre etablis, et la repartition des 2 pts de Q1 depend du nombre reel d'infractions. Les grilles du corrige sont exactes : seuils conformes au reglement CE 561/2006 (dont compensation du repos hebdomadaire reduit avant la fin de la troisieme semaine et debut du repos hebdomadaire au plus tard apres six periodes de 24 h), consignes internes fideles a l'annexe 1 presente dans l'enonce.";""
"Gestionnaire des Opérations de Transport Routier de Marchandises";"Chapitre 9 — La réglementation sociale européenne (RSE)";"QR";"mft-2026-gotrm-ccp1-qr-v2:ch09:ex9.3";"Point editorial : le tableau hebdomadaire des activites et le total de conduite de la semaine precedente sont absents de l'enonce stocke ; les questions 2 a 4 ne peuvent donc pas etre chiffrees, et la question 4 reste indeterminable sans la semaine N-1. Les seuils et definitions cites dans le corrige sont confirmes conformes au reglement CE 561/2006 en vigueur : 56 h hebdomadaires, 90 h sur deux semaines consecutives, semaine du lundi 00 h 00 au dimanche 24 h 00, et le calcul de controle 90 - 56 = 34 h est exact.";""
"Gestionnaire des Opérations de Transport Routier de Marchandises";"Chapitre 9 — La réglementation sociale européenne (RSE)";"QR";"mft-2026-gotrm-ccp1-qr-v2:ch09:ex9.4";"Le sous-point ADR est confirme exact tel que redige : la formation de base ADR couvre les classes 2 a 9 hors classe 7 (donc la classe 8, corrosifs), les classes 1 et 7 relevant de specialisations completant un certificat de base (article 16 de l'arrete TMD du 29 mai 2009, renvoyant aux 8.2.1 et 8.2.2 de l'ADR) ; un certificat classe 7 seul ne couvre pas la classe 8. En revanche, l'incoherence des millesimes codes (controle au 18/03/20AA, FCO suivie en octobre 20AC, posterieure) est un point editorial que seul l'auteur peut lever.";""
"Gestionnaire des Opérations de Transport Routier de Marchandises";"Chapitre 10 — Encadrer une équipe de conducteurs";"QR";"mft-2026-gotrm-ccp1-qr-v2:ch10:ex10.1";"Point editorial : l'incoherence geographique est averee, Voiron (38) etant a environ 200 a 250 km par la route de Clermont-Ferrand selon les distanciers courants, soit plus de 3 h a 68 km/h, incompatible avec les 15 min du distancier de l'enonce ; seul l'auteur peut verifier le distancier de reference de l'epreuve ou corriger l'enonce. Le corrige applique litteralement les donnees fournies (238 km a 68 km/h + 2 x 15 min d'approche) sans erreur de calcul induite, et la conclusion de conformite RSE resterait inchangee dans l'autre lecture signalee.";""
"Gestionnaire des Opérations de Transport Routier de Marchandises";"Chapitre 10 — Encadrer une équipe de conducteurs";"QR";"mft-2026-gotrm-ccp1-qr-v2:ch10:ex10.3";"Arithmétique exacte (172 h, 24 HS, 152,00, 364,80, 2 614,40, 48,64, 868,56, 446,88, 1 315,44, brut 3 179,84, total 4 495,28). Mais la méthode imposée par l'énoncé diverge de la CCNTR : pour un grand routier le décompte est mensuel, avec 25 % de la 153e à la 186e heure et 50 % à partir de la 187e (soit 34 h et 10 h ici). La période de nuit en TRM est 21h-6h et la majoration de 20 % s'assoit sur le taux conventionnel 150M. Corriger le corrigé obligerait à refaire l'énoncé.";""
"Gestionnaire des Opérations de Transport Routier de Marchandises";"Chapitre 11 — Le suivi d'exploitation et la gestion des aléas";"QR";"mft-2026-gotrm-ccp1-qr-v2:ch11:ex11.2";"Point purement éditorial : le tableau du programme de tournée doit être réintégré dans l'énoncé, ce que la recherche documentaire ne peut pas trancher. Au passage, les valeurs du règlement CE 561/2006 citées par le corrigé (4 h 30 de conduite continue, pause de 45 min fractionnable en 15 + 30, 9 h de conduite journalière, repos journalier de 11 h) sont exactes.";""
"Gestionnaire des Opérations de Transport Routier de Marchandises";"Chapitre 13 — Qualité, indicateurs de performance et analyse financière";"QR";"mft-2026-gotrm-ccp1-qr-v2:ch13:ex13.1";"Aucun texte officiel ne fixe de seuils d'alerte pour ces KPI (ponctualité, km à vide, litiges, remplissage, utilisation du parc) : ce sont des conventions de gestion professionnelles. Le choix des seuils et leur éventuel remplacement par la grille d'objectifs de l'annexe est un arbitrage pédagogique non tranchable par la recherche ; la précaution déjà inscrite dans le corrigé et le barème est adaptée. Les calculs, eux, sont déjà revérifiés par le rédacteur.";""
"Gestionnaire des Opérations de Transport Routier de Marchandises";"Chapitre 13 — Qualité, indicateurs de performance et analyse financière";"QR";"mft-2026-gotrm-ccp1-qr-v2:ch13:ex13.2";"Points signalés éditoriaux : montants de l'annexe absents de la base, convention 360/365 jours (360 est l'usage dominant en analyse financière, à ajuster sur la consigne de l'annexe) et énoncé tronqué sur la question 4 ; rien n'est tranchable par la recherche. Vérifié au passage : le plafond de 30 jours à compter de la date d'émission de la facture propre au transport routier de marchandises (art. L.441-11 C. com., issu de la loi Gayssot) cité en commentaire est exact.";""
"Gestionnaire des Opérations de Transport Routier de Marchandises";"Chapitre 13 — Qualité, indicateurs de performance et analyse financière";"QR";"mft-2026-gotrm-ccp1-qr-v2:ch13:ex13.3";"Points purement éditoriaux : les montants du bilan 20AA et du compte de résultat 20AB ainsi que la structure imposée du tableau figurent dans l'annexe non lisible en base. Les formules FRNG, BFR, TN et la cascade VA, EBE, REX, RCAI, CAF du corrigé sont conformes au plan comptable général, mais aucun résultat chiffré ni l'anomalie ne peuvent être validés sans l'annexe.";""
"Gestionnaire des Opérations de Transport Routier de Marchandises";"Chapitre 2 — Les véhicules, les carrosseries et les marchandises";"QCM";"mft-2026-gotrm-livret:ch02:qcm:4";"Deux choix défendables. La référence métier quasi unanime est 33 palettes au sol pour une semi 13,60 m (ops.fr, flatcargo.com, destockageenligne.fr...) ; 34 n'est atteint qu'en théorie (17 rangs de 2 palettes côté 120 cm en largeur, jeu nul) ou sur méga 13,62 m (LKW Walter : « jusqu'à 34 »). L'explication se contredit d'ailleurs : 3 palettes de front donne 11 rangs x 3 = 33, pas 34. Recommandation : clé 33 avec explication corrigée, ou énoncé précisant « théorique, sans jeu ».";""
"Gestionnaire des Opérations de Transport Routier de Marchandises";"Chapitre 12 — Facturation, litiges et clôture des dossiers";"QCM";"mft-2026-gotrm-livret:ch12:qcm:4";"Clé b exacte dans le contexte transport, mais l'explication cite la mauvaise base légale : en droit commun LME, les 30 jours courent après réception des marchandises ou exécution de la prestation (L441-10), pas depuis l'émission. Ce qui rend « 30 jours date d'émission » exact ici, c'est la règle spéciale transport de l'article L441-11, II, 6° du code de commerce, impérative et sans dérogation possible. [Contre-vérification : non confirmé : Fond confirmé (30 j date d'émission impératif, L441-11 vs L441-10), mais Légifrance place le transport routier au II, 5° de L441-11, pas au II, 6° (le 6° = agroéquipement). La nouvelle explication graverait une référence légale fausse ; attribution « loi Gayssot » aussi douteuse (loi 2006-10).]";""
"Gestionnaire des Opérations de Transport Routier de Marchandises";"Chapitre 12 — Facturation, litiges et clôture des dossiers";"QCM";"mft-2026-gotrm-livret:ch12:qcm:7";"Aucun choix n'est juridiquement exact : l'article L133-3 du code de commerce ne distingue pas avarie apparente et avarie occulte, la protestation motivée (LRAR) doit intervenir dans les 3 jours, non compris les jours fériés, suivant la RÉCEPTION, et non la découverte. La clé b enseigne un point de départ du délai faux (un destinataire qui attendrait la découverte serait forclos). L'item doit être réécrit : « LRAR dans les 3 jours suivant la livraison, d'où l'intérêt de déballer sans délai ».";""
"Gestionnaire des Opérations de Transport Routier de Marchandises";"Chapitre 13 — Qualité, indicateurs de performance et analyse financière";"QCM";"mft-2026-gotrm-livret:ch13:qcm:4";"Les choix a et b designent le meme concept (CA moins charges variables) et developpent tous deux l'acronyme MCV : ""marge sur cout variable"" est le terme consacre, mais ""marge sur charges variables"" est un synonyme courant, employe par l'explication du QCM elle-meme (""CA - Charges Variables""). Un stagiaire choisissant a serait penalise a tort. Recommandation : remplacer le distracteur a par un developpement reellement faux (ex. ""Marge Commerciale Variable"").";""
"Préparation à l'examen national Commissionnaire de transport";"Module 1 : Le métier de commissionnaire de transport";"QCM";"COMM-M1-QCM-04";"Clé factuellement fausse : le registre des commissionnaires n'a PAS été supprimé. Les art. R.1422-1 s. du code des transports sont en vigueur au 24/07/2026, l'inscription se fait toujours auprès de la DREAL (Cerfa 16092) et l'examen national annuel subsiste (session du 8 octobre 2025). Mais aucun distracteur n'est exact non plus : b valide « il suffit de s'inscrire » en occultant les conditions préalables de capacité professionnelle et d'honorabilité. Question à réécrire par le formateur.";""
"Préparation à l'examen national Commissionnaire de transport";"Module 2 : Le contrat de commission et les responsabilités";"QR";"COMM-M2-QC-04";"Fondement exact (devoir de conseil, plafonds par colis/kg, faute personnelle hors plafond). Deux points éditoriaux : la Cour de cassation juge que le commissionnaire n'a pas d'obligation d'assurer sans instruction, seulement un devoir de conseil ; et la réparation d'une perte de chance est par principe partielle, elle ne peut égaler tout le différentiel indemnité plafonnée / valeur réelle. À trancher par le formateur : aucun chiffre ni article faux.";""
"Préparation à l'examen national Commissionnaire de transport";"Module 2 : Le contrat de commission et les responsabilités";"QR";"COMM-M2-QR-07";"Dossier A et maintien de la garantie envers le client dans le dossier B : exacts. À arbitrer : le corrigé fait découler l'extinction du recours du seul dépassement du délai de réserves de trois jours, alors que l'art. R5422-24 n'y attache qu'une présomption simple de conformité au connaissement, l'extinction résultant de la prescription annale. L'énoncé restant ambigu sur les délais dépassés, la formulation relève d'un choix pédagogique à trancher par le formateur.";""
"Préparation à l'examen national Commissionnaire de transport";"Module 3 : Organiser le transport multimodal";"QR";"COMM-M3-QC-03";"Les critères cités (nature de la marchandise, délai, coût, distance/géographie, sûreté/réglementation) correspondent aux critères usuels du choix modal dans les références professionnelles, mais le point à confirmer porte sur l'intitulé exact des cinq items du support interne du module M3, invérifiable par recherche web. Point éditorial d'alignement pédagogique, sans erreur factuelle détectée dans la formulation actuelle.";""
"Préparation à l'examen national Commissionnaire de transport";"Module 3 : Organiser le transport multimodal";"QR";"COMM-M3-QR-02";"Le fond est exact (trois fonctions du connaissement, LTA simple reçu et preuve non négociable, rétention du B/L comme levier de paiement). Réserve : le corrigé affirme sans nuance que le connaissement est négociable, alors que seule la forme à ordre (ou au porteur) l'est ; le connaissement nominatif n'est pas négociable. La question portant sur la négociabilité, au formateur de décider s'il ajoute cette précision.";""
"Préparation à l'examen national Commissionnaire de transport";"Module 3 : Organiser le transport multimodal";"QR";"COMM-M3-QR-05";"Procédure exacte et sans erreur factuelle (état initial consigné, liste de colisage, arrimage, photos, scellé numéroté reporté aux documents, contrôle du plomb et réserves au dépotage). Point à arbitrer : pour un FCL maritime empoté par le chargeur, la déclaration de masse brute vérifiée (VGM), obligatoire depuis le 1er juillet 2016 (SOLAS ch. VI règle 2), n'est pas mentionnée ; ajout à valider par le formateur.";""
"Préparation à l'examen national Commissionnaire de transport";"Module 5 : Gestion, affrètement et assurances";"QR";"COMM-M5-QR-02";"Comparaison RC transporteur / ad valorem juste sur le fond (souscripteur, objet, plafonds légaux, valeur réelle, franchise et exclusions, tous risques ou FAP sauf) ; exigence de l'écrit confortée par le contrat type. À arbitrer : dire que le défaut de proposition coûte « la différence entre valeur réelle et indemnité plafonnée » est un raccourci, la faute de conseil étant souvent indemnisée en perte de chance. Pas de correction proposée.";""
"Préparation à l'examen national Commissionnaire de transport";"Module 5 : Gestion, affrètement et assurances";"QR";"COMM-M5-QR-08";"Arithmétique exacte dans sa convention (200 000 ; 525 x 400 = 210 000 ; 24 x 700 = 16 800 ; 4 x 700 = 2 800 ; écart 4 000 €). Mais l'énoncé « T1 est 5 % moins cher que T2 », lu littéralement, donnerait T2 = 500/0,95 = 526,32 € (total 213 326 €, écart 3 474 €), alors que le corrigé applique +5 % à T1. Conclusion robuste, mais le barème exige 10 000 € et 4 000 € : reformuler l'énoncé ou accepter les deux lectures.";""
"Préparation aux examens Taxi et VTC";"Module 4 : Sécurité routière du conducteur T3P";"QR";"TAXI-M4-QR-05";"Procédure d'accueil PMR + enfant globalement exacte (responsabilité du conducteur sur la ceinture des passagers de moins de 18 ans, enfant sur les genoux interdit, dépose côté trottoir). À arbitrer : l'art. R412-2 dispense de siège homologué « tout enfant transporté dans un taxi » (ceinture seule, à l'arrière). Le corrigé et le barème exigent un dispositif adapté sans signaler cette dérogation, propre au taxi et inapplicable au VTC : un candidat la citant serait pénalisé à tort.";""
"Préparation aux examens Taxi et VTC";"Module 4 : Sécurité routière du conducteur T3P";"QR";"TAXI-M4-QR-07";"Cœur réglementaire exact : l'art. R412-6-1 interdit le port à l'oreille de tout dispositif émettant du son (hors correcteurs de surdité), d'où l'audio par haut-parleurs ; l'arrêt au feu rouge ne fait pas sortir le véhicule de la circulation, la manipulation y reste interdite. Réserve à arbitrer : « support fixe homologué », alors qu'aucun régime d'homologation des supports de téléphone n'existe (seule s'impose l'absence de gêne du champ de vision et des commandes).";""
"Préparation aux examens Taxi et VTC";"Module 5 : Réussir le français et l'anglais de l'examen";"QR";"TAXI-M5-QC-05";"Le fond (reformulation, prise de notes, justification par la vérification de la compréhension) ne contient aucune donnée chiffrée ni réglementaire erronée. Point à arbitrer : le corrigé décrit l'épreuve de français comme « compréhension puis restitution d'un message oral », alors que l'épreuve d'admissibilité de français du T3P est écrite (texte remis, questions et production écrite). Vérification en ligne non aboutie, je ne propose pas de réécriture.";""
"Préparation aux examens Taxi et VTC";"Module 5 : Réussir le français et l'anglais de l'examen";"QR";"TAXI-M5-QC-10";"L'arrêté du 6 avril 2017 définit l'épreuve de français de l'examen T3P comme 3 questions à réponse courte (2 pts chacune) + 7 QCM, avec retrait d'un point au-delà de 5 fautes d'orthographe ; il ne codifie aucun bonus explicite pour une réponse en phrase complète. Le postulat de la question (la phrase complète rapporte plus de points) relève du conseil pédagogique des centres d'examen, non d'une règle vérifiable dans les textes officiels : point éditorial à trancher par le formateur.";""
"Préparation aux examens Taxi et VTC";"Module 5 : Réussir le français et l'anglais de l'examen";"QR";"TAXI-M5-QR-04";"L'arithmétique est exacte : 50 - 25 = 25 euros rendus, conforme au corrigé et au barème, et les formulations anglaises sont correctes. Point à arbitrer : à exactement 25 euros la note taxi relève de l'obligation de délivrance, alors que le corrigé présente le reçu comme une simple courtoisie. La course étant pile au seuil et la formulation exacte du seuil n'ayant pas pu être vérifiée, à trancher par le formateur.";""
"Préparation aux examens Taxi et VTC";"Module 6 : Connaissance du territoire et itinéraires";"QR";"TAXI-M6-QC-05";"Deux points à trancher. 1) Barème incohérent : 0,66 pt par critère donne 1,32 pt pour 2 critères, alors que le barème pratique annonce 1,5 pt (le QR jumeau QC-08 retient 1,3 pt). 2) La règle « à défaut d'accord, le péage reste à la charge du chauffeur » ne figure ni dans le décret n° 2015-1252 du 7 oct. 2015 (suppléments limitativement énumérés) ni dans l'arrêté du 6 nov. 2015 : elle relève des arrêtés préfectoraux, à confirmer. Les trois critères restent pertinents.";""
"Préparation aux examens Taxi et VTC";"Module 7 : Spécifique taxi : ADS, taximètre et tarifs";"QR";"TAXI-M7-QR-03";"Position D (nuit + retour à vide) et décomposition prise en charge / kilomètres / bascule sur le tarif horaire en marche lente : exactes. Point à arbitrer : l'exemple bagages colle mal au cas (deux valises) — l'arrêté du 22 janvier 2024 ne permet un supplément bagages que hors Paris, pour bagages encombrants nécessitant un équipement extérieur ou au-delà de trois valises par passager (aucun à Paris, art. 9).";""
"Préparation aux examens Taxi et VTC";"Module 8 : Spécifique VTC : registre, réservation et plateformes";"QR";"TAXI-M8-QC-02";"Le point signalé (0,67 pt par mention, arrondi de grille plafonné à 2 pts) est un choix de barème interne, arithmétiquement cohérent (3 mentions = 2 pts) mais qu'aucune source externe ne peut trancher : il doit être validé par le concepteur, comme le note l'indique. Sur le fond, les mentions citées (identité de l'exploitant, description de la prestation, prix TTC, validité, date, identité du client) correspondent bien aux mentions usuelles d'un devis selon entreprendre.service-public.gouv.fr.";""
"Préparation aux examens Taxi et VTC";"Module 8 : Spécifique VTC : registre, réservation et plateformes";"QR";"TAXI-M8-QC-03";"Le point signalé est un choix de grille de notation interne, sans référence réglementaire vérifiable. L'arithmétique est cohérente (2 pts / 3 types = 0,667 arrondi à 0,67 ; 2 types = 1,33 ; plafond exact à 2 pts), mais la valeur unitaire arrondie relève d'une décision pédagogique à valider par le formateur.";""
"Préparation aux examens Taxi et VTC";"Module 8 : Spécifique VTC : registre, réservation et plateformes";"QR";"TAXI-M8-QC-05";"Rien de faux : la prise en charge sur réservation est libre et l'accès aux zones dédiées dépend bien du gestionnaire aéroportuaire (badge, redevance). Mais la règle réglementaire attendue en T3P manque : l'art. L. 3120-2 II 3° interdit de stationner à l'abord des aérogares ou dans leur enceinte au-delà d'une heure précédant l'horaire de prise en charge souhaité (art. D. 3120-3). Arbitrage : ajouter ou non ce plafond d'une heure.";""
"Préparation aux examens Taxi et VTC";"Module 8 : Spécifique VTC : registre, réservation et plateformes";"QR";"TAXI-M8-QR-01";"L'art. L. 3122-9 prévoit deux dérogations à l'obligation de retour : justifier d'une réservation préalable OU d'un contrat avec le client final (mise à disposition, art. R. 3122-12). Le stationnement dans un parking autorisé n'est pas un aménagement : c'est l'une des deux branches de l'obligation elle-même, déjà énoncée juste avant. Le second aménagement prévu par le texte est donc omis. [Contre-vérification : non confirmé : Le coeur est exact (L. 3122-9 : sauf réservation préalable ou contrat avec le client final), mais l'ajout « contrat de mise à disposition, écrit sur support papier ou électronique » et la source R. 3122-12 n'ont pas pu être vérifiés (aucun texte d'application visible sur la fiche L. 3122-9).]";""
"Préparation aux examens Taxi et VTC";"Module 9 : Préparation à l'examen";"QR";"TAXI-M9-QC-01";"Cœur vérifié et exact : ADS délivrée par le maire (préfet de police dans sa zone à Paris, CGCT L. 2213-33), carte pro taxi délivrée par la préfecture, avec examen, bulletin n°2, avis médical et PSC1 de moins de 2 ans. Deux nuances à arbitrer : la parenthèse « comme celle de conducteur VTC » précède une liste incluant le PSC1, non exigé pour le VTC ; et le rattachement au département d'exercice vaut pour le taxi (cas VTC non confirmé, recherche épuisée).";""